<?xml version="1.0" encoding="UTF-8"?>
<root>
    <default>
        <includes>
            <!--
                Path to css and js files into plugins folder.
                If your files are not in plugins folder, use absolute paths.
            -->
            <css>
                <file>bootstrap-select/dist/css/bootstrap-select.min.css</file>
            </css>
            <js>
                <file>bootstrap-select/dist/js/bootstrap-select.min.js</file>
            </js>
        </includes>
        <js_code>
<![CDATA[   $("%selector%").removeClass('form-control').selectpicker({
        container: 'body',
        iconBase: '%iconBase%',
        tickIcon: '%tickIcon%'
    });]]>
        </js_code>
    </default>
    <default-selectpicker>
        <includes>
            <!--
                Path to css and js files into plugins folder.
                If your files are not in plugins folder, use absolute paths.
            -->
            <css>
                <file>bootstrap-select/dist/css/bootstrap-select.min.css</file>
            </css>
            <js>
                <file>bootstrap-select/dist/js/bootstrap-select.min.js</file>
            </js>
        </includes>
        <js_code>
<![CDATA[   $("%selector%").removeClass('form-control').selectpicker({container: 'body'});]]>
        </js_code>
    </default-selectpicker>
    <custom-options>
        <js_code>
<![CDATA[   $("%selector%").removeClass('form-control').selectpicker({container: '%container%', width: '%width%', style: '%style%'});]]>
        </js_code>
    </custom-options>
    <countries-flags-16>
        <includes>
            <!--
                Path to css and js files into plugins folder.
                If your files are not in plugins folder, use absolute paths.
            -->
            <css>
                <file>bootstrap-select/dist/css/bootstrap-select.min.css</file>
                <file>countries/world-flags-sprite/stylesheets/flags16.min.css</file>
            </css>
            <js>
                <file>bootstrap-select/dist/js/bootstrap-select.min.js</file>
            </js>
        </includes>
        <js_code>
            <!-- your custom code here -->
        </js_code>
    </countries-flags-16>
    <countries-flags-32>
        <includes>
            <!--
                Path to css and js files into plugins folder.
                If your files are not in plugins folder, use absolute paths.
            -->
            <css>
                <file>bootstrap-select/dist/css/bootstrap-select.min.css</file>
                <file>countries/world-flags-sprite/stylesheets/flags32.min.css</file>
            </css>
            <js>
                <file>bootstrap-select/dist/js/bootstrap-select.min.js</file>
            </js>
        </includes>
        <js_code>
            <!-- your custom code here -->
        </js_code>
    </countries-flags-32>
    <default-selectpicker-with-bootstrap>
        <includes>
            <!--
                Path to css and js files into plugins folder.
                If your files are not in plugins folder, use absolute paths.
            -->
            <css>
                <file>bootstrap-select/dist/css/bootstrap-for-bs-select.min.css</file>
                <file>bootstrap-select/dist/css/bootstrap-select.min.css</file>
            </css>
            <js>
                <file>bootstrap-select/dist/js/bootstrap-for-bs-select.min.js</file>
                <file>bootstrap-select/dist/js/bootstrap-select.min.js</file>
            </js>
        </includes>
        <js_code>
<![CDATA[   $("%selector%").removeClass('form-control').selectpicker({
        container: 'body',
        iconBase: '%iconBase%',
        tickIcon: '%tickIcon%'
    });]]>
        </js_code>
    </default-selectpicker-with-bootstrap>
    <custom-options-with-bootstrap>
        <js_code>
<![CDATA[   $("%selector%").removeClass('form-control').selectpicker({container: '%container%', width: '%width%', style: '%style%'});]]>
        </js_code>
    </custom-options-with-bootstrap>
    <countries-flags-16-with-bootstrap>
        <includes>
            <!--
                Path to css and js files into plugins folder.
                If your files are not in plugins folder, use absolute paths.
            -->
            <css>
                <file>bootstrap-select/dist/css/bootstrap-for-bs-select.min.css</file>
                <file>bootstrap-select/dist/css/bootstrap-select.min.css</file>
                <file>countries/world-flags-sprite/stylesheets/flags16.min.css</file>
            </css>
            <js>
                <file>bootstrap-select/dist/js/bootstrap-for-bs-select.min.js</file>
                <file>bootstrap-select/dist/js/bootstrap-select.min.js</file>
            </js>
        </includes>
        <js_code>
            <!-- your custom code here -->
        </js_code>
    </countries-flags-16-with-bootstrap>
    <countries-flags-32-with-bootstrap>
        <includes>
            <!--
                Path to css and js files into plugins folder.
                If your files are not in plugins folder, use absolute paths.
            -->
            <css>
                <file>bootstrap-select/dist/css/bootstrap-for-bs-select.min.css</file>
                <file>bootstrap-select/dist/css/bootstrap-select.min.css</file>
                <file>countries/world-flags-sprite/stylesheets/flags32.min.css</file>
            </css>
            <js>
                <file>bootstrap-select/dist/js/bootstrap-for-bs-select.min.js</file>
                <file>bootstrap-select/dist/js/bootstrap-select.min.js</file>
            </js>
        </includes>
        <js_code>
            <!-- your custom code here -->
        </js_code>
    </countries-flags-32-with-bootstrap>
</root>