<?xml version="1.0" encoding="UTF-8"?>
<root>
    <default>
        <includes>
            <css>
                <file>jQuery-File-Upload/css/jquery.fileupload.min.css</file>
            </css>
            <js>
                <file>jQuery-File-Upload/js/vendor/jquery.ui.widget.min.js</file>
                <file>jQuery-File-Upload/js/tmpl.min.js</file>
                <file>jQuery-File-Upload/js/jquery.iframe-transport.min.js</file>
                <file>jQuery-File-Upload/js/jquery.fileupload.min.js</file>
                <file>jQuery-File-Upload/js/jquery.fileupload-process.min.js</file>
                <file>jQuery-File-Upload/js/jquery.fileupload-validate.min.js</file>
                <file>jQuery-File-Upload/js/jquery.fileupload-ui.min.js</file>

            </js>
        </includes>
        <html_code>
            <![CDATA[<!-- The container for the uploaded files -->
<div id="%input_name%-upload" class="fileupload">
    <div class="row fileupload-buttonbar">
        <div class="col-lg-7 large-7 column">
            <span class="btn btn-primary button primary fileinput-button">
                <i class="glyphicon glyphicon-plus"></i>
                <span>%btn-text%</span>
                <input type="file" name="%input_name%" multiple />
            </span>
            <span class="fileupload-process"></span>
        </div>
    </div>
    <table role="presentation" class="table table-striped"><tbody class="files"></tbody></table>
</div>]]>
        </html_code>
        <js_code>
            <![CDATA[<script id="template-upload-%uploader-id%" type="text/x-tmpl">
{% for (var i=0, file; file=o.files[i]; i++) { %}
    <tr class="template-upload fade">
        <td>
            <span class="preview"></span>
            <p class="name">{%=file.name%}</p>
            <strong class="error text-danger"></strong>
        </td>
        <td>
            <p class="size">Processing...</p>
            <div class="progress progress-striped active" role="progressbar" aria-valuemin="0" aria-valuemax="100" aria-valuenow="0"><div class="progress-bar progress-bar-success progress-meter" style="width:0%;"></div></div>
        </td>
        <td>
            {% if (!i && !o.options.autoUpload) { %}
                <button class="btn btn-primary button primary start" disabled>
                    <i class="glyphicon glyphicon-upload"></i>
                    <span>Start</span>
                </button>
            {% } %}
            {% if (!i) { %}
                <button class="btn btn-warning button warning cancel">
                    <i class="glyphicon glyphicon-ban-circle"></i>
                    <span>Cancel</span>
                </button>
            {% } %}
        </td>
    </tr>
{% } %}
</script>
<!-- The template to display files available for download -->
<script id="template-download-%uploader-id%" type="text/x-tmpl">
    {% for (var i=0, file; file=o.files[i]; i++) { %}
        <tr class="template-download fade">
            {% if (file.url) { %}
            <td>
                <span class="preview">
                    <a href="{%=file.url%}" title="{%=file.name%}" download="{%=file.name%}">{%=file.name%}</a>
                </span>
                <input type="hidden" name="%file-input%" value="{%=file.name%}" />
            </td>
            <td>
                <span class="size">{%=o.formatFileSize(file.size)%}</span>
            </td>
            <td>
                {% if (file.deleteUrl) { %}
                    <button class="btn btn-danger button danger delete" data-type="{%=file.deleteType%}" data-url="{%=file.deleteUrl%}"{% if (file.deleteWithCredentials) { %} data-xhr-fields='{"withCredentials":true}'{% } %}>
                        <i class="glyphicon glyphicon-trash"></i>
                        <span>Delete</span>
                    </button>
                {% } else { %}
                    <button class="btn btn-warning button warning cancel">
                        <i class="glyphicon glyphicon-ban-circle"></i>
                        <span>Cancel</span>
                    </button>
                {% } %}
            </td>
            {% } else if (file.error) { %}
                <td>
                    <div><span class="label label-danger">Error</span> {%=file.error%}</div>
                </td>
            {% } %}
        </tr>
    {% } %}
</script>
<script>
$('%selector%').fileupload({
    downloadTemplateId: 'template-download-%uploader-id%',
    uploadTemplateId: 'template-upload-%uploader-id%',
    paramName: 'files[]',
    url: '%PLUGINS_DIR%jQuery-File-Upload/server/php/%uploader%',
    dataType: 'json',
    autoUpload: true,
    acceptFileTypes: /(\.|\/)(pdf|doc|docx|xls|xlsx|txt)$/i,
    maxFileSize: 5000000,
    // singleFileUploads: false,
    maxNumberOfFiles: %max-number-of-files%,
    progressall: function (e, data) {
        var progress = parseInt(data.loaded / data.total * 100, 10);
        $('#progress .progress-bar').css(
            'width',
            progress + '%'
        );
    }
});
</script>]]>
        </js_code>
    </default>
    <images>
        <includes>
            <css>
                <file>jQuery-File-Upload/css/jquery.fileupload.min.css</file>
            </css>
            <js>
                <file>jQuery-File-Upload/js/vendor/jquery.ui.widget.min.js</file>
                <file>jQuery-File-Upload/js/tmpl.min.js</file>
                <file>jQuery-File-Upload/js/load-image.all.min.js</file>
                <file>jQuery-File-Upload/js/canvas-to-blob.min.js</file>
                <file>jQuery-File-Upload/js/jquery.iframe-transport.min.js</file>
                <file>jQuery-File-Upload/js/jquery.fileupload.min.js</file>
                <file>jQuery-File-Upload/js/jquery.fileupload-process.min.js</file>
                <file>jQuery-File-Upload/js/jquery.fileupload-image.min.js</file>
                <file>jQuery-File-Upload/js/jquery.fileupload-validate.min.js</file>
                <file>jQuery-File-Upload/js/jquery.fileupload-ui.min.js</file>
            </js>
        </includes>
        <html_code>
            <![CDATA[<!-- The container for the uploaded files -->
<div id="%input_name%-upload" class="fileupload">
    <div class="row fileupload-buttonbar">
        <div class="col-lg-7 large-7 column">
            <span class="btn btn-primary button primary fileinput-button">
                <i class="glyphicon glyphicon-plus"></i>
                <span>%btn-text%</span>
                <input type="file" name="%input_name%" multiple />
            </span>
            <span class="fileupload-process"></span>
        </div>
    </div>
    <table role="presentation" class="table table-striped"><tbody class="files"></tbody></table>
</div>]]>
        </html_code>
        <js_code>
            <![CDATA[<script id="template-upload-%uploader-id%" type="text/x-tmpl">
{% for (var i=0, file; file=o.files[i]; i++) { %}
    <tr class="template-upload fade">
        <td>
            <span class="preview"></span>
            <p class="name">{%=file.name%}</p>
            <strong class="error text-danger"></strong>
        </td>
        <td>
            <p class="size">Processing...</p>
            <div class="progress progress-striped active" role="progressbar" aria-valuemin="0" aria-valuemax="100" aria-valuenow="0"><div class="progress-bar progress-bar-success progress-meter" style="width:0%;"></div></div>
        </td>
        <td>
            {% if (!i && !o.options.autoUpload) { %}
                <button class="btn btn-primary button primary start" disabled>
                    <i class="glyphicon glyphicon-upload"></i>
                    <span>Start</span>
                </button>
            {% } %}
            {% if (!i) { %}
                <button class="btn btn-warning button warning cancel">
                    <i class="glyphicon glyphicon-ban-circle"></i>
                    <span>Cancel</span>
                </button>
            {% } %}
        </td>
    </tr>
{% } %}
</script>
<!-- The template to display files available for download -->
<script id="template-download-%uploader-id%" type="text/x-tmpl">
    {% for (var i=0, file; file=o.files[i]; i++) { %}
        <tr class="template-download fade">
            <td>
                <span class="preview">
                    {% if (file.thumbnailUrl) { %}
                        <a href="{%=file.url%}" title="{%=file.name%}" download="{%=file.name%}" data-gallery><img src="{%=file.thumbnailUrl%}"></a>
                    {% } %}
                </span>
                <input type="hidden" name="%file-input%" value="{%=file.name%}" />
            </td>
            {% if (file.error) { %}
                <td>
                    <div><span class="label label-danger">Error</span> {%=file.error%}</div>
                </td>
            {% } %}
            <td>
                <span class="size">{%=o.formatFileSize(file.size)%}</span>
            </td>
            <td>
                {% if (file.deleteUrl) { %}
                    <button class="btn btn-danger button danger delete" data-type="{%=file.deleteType%}" data-url="{%=file.deleteUrl%}"{% if (file.deleteWithCredentials) { %} data-xhr-fields='{"withCredentials":true}'{% } %}>
                        <i class="glyphicon glyphicon-trash"></i>
                        <span>Delete</span>
                    </button>
                {% } else { %}
                    <button class="btn btn-warning button warning cancel">
                        <i class="glyphicon glyphicon-ban-circle"></i>
                        <span>Cancel</span>
                    </button>
                {% } %}
            </td>
        </tr>
    {% } %}
</script>
<script>
    jQuery(document).ready(function($) {
        'use strict';
        // Initialize the jQuery File Upload widget:
        $('%selector%').fileupload({
            downloadTemplateId: 'template-download-%uploader-id%',
            uploadTemplateId: 'template-upload-%uploader-id%',
            paramName: 'files[]',
            url: '%PLUGINS_DIR%jQuery-File-Upload/server/php/%uploader%',
            dataType: 'json',
            autoUpload: true,
            maxNumberOfFiles: %max-number-of-files%,
            acceptFileTypes: /(\.|\/)(gif|jpg|jpeg|png)$/i,
            progressall: function (e, data) {
                var progress = parseInt(data.loaded / data.total * 100, 10);
                $('#progress .progress-bar').css(
                    'width',
                    progress + '%'
                );
            }
        });
    });
</script>]]>
        </js_code>
    </images>
    <images-with-captions>
        <includes>
            <css>
                <file>jQuery-File-Upload/css/jquery.fileupload.min.css</file>
            </css>
            <js>
                <file>jQuery-File-Upload/js/vendor/jquery.ui.widget.min.js</file>
                <file>jQuery-File-Upload/js/tmpl.min.js</file>
                <file>jQuery-File-Upload/js/load-image.all.min.js</file>
                <file>jQuery-File-Upload/js/canvas-to-blob.min.js</file>
                <file>jQuery-File-Upload/js/jquery.iframe-transport.min.js</file>
                <file>jQuery-File-Upload/js/jquery.fileupload.min.js</file>
                <file>jQuery-File-Upload/js/jquery.fileupload-process.min.js</file>
                <file>jQuery-File-Upload/js/jquery.fileupload-image.min.js</file>
                <file>jQuery-File-Upload/js/jquery.fileupload-validate.min.js</file>
                <file>jQuery-File-Upload/js/jquery.fileupload-ui.min.js</file>
            </js>
        </includes>
        <html_code>
            <![CDATA[<!-- The container for the uploaded files -->
<div id="%input_name%-upload" class="fileupload">
    <div class="row fileupload-buttonbar">
        <div class="col-lg-7 large-7 column">
            <span class="btn btn-primary button primary fileinput-button">
                <i class="glyphicon glyphicon-plus"></i>
                <span>%btn-text%</span>
                <input type="file" name="%input_name%" multiple />
            </span>
            <span class="fileupload-process"></span>
        </div>
    </div>
    <table role="presentation" class="table table-striped"><tbody class="files"></tbody></table>
</div>]]>
        </html_code>
        <js_code>
            <![CDATA[<script id="template-upload-%uploader-id%" type="text/x-tmpl">
{% for (var i=0, file; file=o.files[i]; i++) { %}
    <tr class="template-upload fade">
        <td>
            <span class="preview"></span>
            <p class="name">{%=file.name%}</p>
            <strong class="error text-danger"></strong>
        </td>
        <td>
            <p class="size">Processing...</p>
            <div class="progress progress-striped active" role="progressbar" aria-valuemin="0" aria-valuemax="100" aria-valuenow="0"><div class="progress-bar progress-bar-success progress-meter" style="width:0%;"></div></div>
        </td>
        <td>
            {% if (!i && !o.options.autoUpload) { %}
                <button class="btn btn-primary button primary start" disabled>
                    <i class="glyphicon glyphicon-upload"></i>
                    <span>Start</span>
                </button>
            {% } %}
            {% if (!i) { %}
                <button class="btn btn-warning button warning cancel">
                    <i class="glyphicon glyphicon-ban-circle"></i>
                    <span>Cancel</span>
                </button>
            {% } %}
        </td>
    </tr>
{% } %}
</script>
<!-- The template to display files available for download -->
<script id="template-download-%uploader-id%" type="text/x-tmpl">
    {% for (var i=0, file; file=o.files[i]; i++) { %}
        <tr class="template-download fade">
            <td>
                <span class="preview">
                    {% if (file.thumbnailUrl) { %}
                        <a href="{%=file.url%}" title="{%=file.name%}" download="{%=file.name%}" data-gallery><img src="{%=file.thumbnailUrl%}"></a>
                    {% } %}
                </span>
                <input type="hidden" name="%file-input%" value="{%=file.name%}" />
            </td>
            {% if (file.error) { %}
                <td>
                    <div><span class="label label-danger">Error</span> {%=file.error%}</div>
                </td>
            {% } %}
            <td>
                <span class="size">{%=o.formatFileSize(file.size)%}</span>
            </td>
            <td>
                {% if (file.deleteUrl) { %}
                    <button class="btn btn-danger button danger delete" data-type="{%=file.deleteType%}" data-url="{%=file.deleteUrl%}" {% if (file.deleteWithCredentials) { %} data-xhr-fields='{"withCredentials":true}'{% } %}>
                        <i class="glyphicon glyphicon-trash"></i>
                        <span>Delete</span>
                    </button>
                {% } else { %}
                    <button class="btn btn-warning button warning cancel">
                        <i class="glyphicon glyphicon-ban-circle"></i>
                        <span>Cancel</span>
                    </button>
                {% } %}
            </td>
            // captions
            <td>
                <div class="form-group">
                    <label for="{%=file.name%}-caption" class="col-sm-4 small-4 column control-label">
                        Add caption
                    </label>
                    <div class="col-sm-8 small-8 column">
                        <input name="{%=file.name%}-caption" type="text" value="" class="form-control" />
                    </div>
                </div>
            </td>
        </tr>
    {% } %}
</script>
<script>
    var deleteCaption = function(btn) {
        $(btn).closest('tr.template-download').next('tr.template-download').remove();
    };
    jQuery(document).ready(function($) {
        'use strict';
        // Initialize the jQuery File Upload widget:
        $('%selector%').fileupload({
            downloadTemplateId: 'template-download-%uploader-id%',
            uploadTemplateId: 'template-upload-%uploader-id%',
            paramName: 'files[]',
            url: '%PLUGINS_DIR%jQuery-File-Upload/server/php/%uploader%',
            dataType: 'json',
            autoUpload: true,
            maxNumberOfFiles: %max-number-of-files%,
            acceptFileTypes: /(\.|\/)(gif|jpg|jpeg|png)$/i,
            progressall: function (e, data) {
                var progress = parseInt(data.loaded / data.total * 100, 10);
                $('#progress .progress-bar').css(
                    'width',
                    progress + '%'
                );
            }
        }).bind('fileuploaddestroy', function (e, data) {
            deleteCaption($(e.target).find('button.delete'));
        });
    });
</script>]]>
        </js_code>
    </images-with-captions>
</root>
