<?xml version="1.0" encoding="UTF-8"?>
<root>
    <default>
        <includes>
            <!--
                Path to css and js files into plugins folder.
                If your files are not in plugins folder, use absolute paths.
            -->
            <css></css>
            <js>
                <file>//www.google.com/recaptcha/api.js?onload=recaptchaCallBack&amp;render=explicit</file>
                <file>recaptcha/jquery.ba-throttle-debounce.min.js</file>
                <file>recaptcha/responsive-recaptcha.min.js</file>
            </js>
        </includes>
        <js_code>

        </js_code>
    </default>
</root>