<?xml version="1.0" encoding="UTF-8"?>
<root>
    <default>
        <includes>
            <!--
                Path to css and js files into plugins folder.
                If your files are not in plugins folder, use absolute paths.
            -->
            <css>
                <file>materialize/dist/css/material-forms.min.css</file>
            </css>
            <js>
                <file>materialize/dist/js/material-forms.min.js</file>
            </js>
        </includes>
        <js_code>
<![CDATA[   M.AutoInit($('%selector%')[0]);]]>
        </js_code>
    </default>
    <custom>
        <!--
            If you need differents includes for your custom code,
            copy the default '<includes>' structure and put the needed files into '<file>' nodes.
            You can add several files nodes if necessary.
        -->
        <js_code>
            <!-- your custom code here -->
        </js_code>
    </custom>
</root>
